URL,Version,Status,OIDs,Name,Title,Descriptino,Uses,Used,Sources
http://dicom.nema.org/medical/dicom/current/output/chtml/part16/sect_CID_244.html,2025.2.20250411,active,"1.2.840.10008.6.1.37",Laterality,,"Transitive closure of CID 244 Laterality","StructureDefinition/ext-R5-ImagingStudy.se.laterality","SCT,Other"
http://dicom.nema.org/medical/dicom/current/output/chtml/part16/sect_CID_33.html,2025.2.20250411,active,"1.2.840.10008.6.1.1283",Modality,,"Transitive closure of CID 33 Modality","StructureDefinition/ext-R5-DocumentReference.modality,StructureDefinition/ext-R5-ImagingStudy.se.modality,StructureDefinition/ext-R5-ImagingStudy.modality","DICOM"
http://dicom.nema.org/medical/dicom/current/output/chtml/part16/sect_CID_7010.html,2025.2.20250411,active,"1.2.840.10008.6.1.490",KeyObjectSelectionDocumentTitle,,"Transitive closure of CID 7010 KeyObjectSelectionDocumentTitle","StructureDefinition/ext-R5-ImagingSelection","DICOM"
http://hl7.org/fhir/ValueSet/adverse-event-causality-assess,4.0.1,draft,"2.16.840.1.113883.4.642.3.840",AdverseEventCausalityAssessment,AdverseEventCausalityAssessment,"Codes for the assessment of whether the entity caused the event.","StructureDefinition/ext-R5-AdverseEvent.su.ca.entityRelatedness","THO"
http://hl7.org/fhir/ValueSet/audit-event-outcome,4.0.1,draft,"2.16.840.1.113883.4.642.3.454",AuditEventOutcome,AuditEventOutcome,"Indicates whether the event succeeded or failed.","StructureDefinition/ext-R5-AuditEvent.ou.code","hl7.fhir.r4.core"
http://hl7.org/fhir/ValueSet/audit-event-type,4.0.1,active,"2.16.840.1.113883.4.642.3.462",AuditEventID,Audit Event ID,"Event Types for Audit Events - defined by DICOM with some FHIR specific additions.","StructureDefinition/ext-R5-AuditEvent.category,StructureDefinition/ext-R5-AuditEvent.en.de.type","THO,DICOM"
http://hl7.org/fhir/ValueSet/benefit-network,4.0.1,draft,"2.16.840.1.113883.4.642.3.608",NetworkTypeCodes,Network Type Codes,"This value set includes a smattering of Network type codes.","StructureDefinition/ext-R5-Coverage.co.network","THO"
http://hl7.org/fhir/ValueSet/benefit-term,4.0.1,draft,"2.16.840.1.113883.4.642.3.612",BenefitTermCodes,Benefit Term Codes,"This value set includes a smattering of Benefit Term codes.","StructureDefinition/ext-R5-Coverage.co.term","THO"
http://hl7.org/fhir/ValueSet/benefit-unit,4.0.1,draft,"2.16.840.1.113883.4.642.3.610",UnitTypeCodes,Unit Type Codes,"This value set includes a smattering of Unit type codes.","StructureDefinition/ext-R5-Coverage.co.unit","THO"
http://hl7.org/fhir/ValueSet/body-site,4.0.1,draft,"2.16.840.1.113883.4.642.3.141",SNOMEDCTBodyStructures,SNOMED CT Body Structures,"This value set includes all codes from [SNOMED CT](http://snomed.info/sct) where concept is-a 442083009 (Anatomical or acquired body site (body structure)).","StructureDefinition/ext-R5-BodyStructure.includedStructure,StructureDefinition/ext-R5-ObservationDefinition.bodySite,StructureDefinition/ext-R5-ConditionDefinition,StructureDefinition/ext-R5-Specimen.feature","SCT"
http://hl7.org/fhir/ValueSet/bodystructure-relative-location,4.0.1,draft,"2.16.840.1.113883.4.642.3.140",BodystructureLocationQualifier,Bodystructure Location Qualifier,"SNOMED-CT concepts modifying the anatomic location","StructureDefinition/ext-R5-BodyStructure.includedStructure","SCT"
http://hl7.org/fhir/ValueSet/c80-facilitycodes,4.0.1,active,"2.16.840.1.113883.3.88.12.80.67",FacilityTypeCodeValueSet,Facility Type Code Value Set,"This is the code representing the type of organizational setting where the clinical encounter, service, interaction, or treatment occurred. The value set used for Healthcare Facility Type has been defined by HITSP to be the value set reproduced from HITSP C80 Table 2-147.","StructureDefinition/ext-R5-DocumentReference.facilityType","SCT"
http://hl7.org/fhir/ValueSet/c80-practice-codes,4.0.1,active,"2.16.840.1.113883.3.88.12.80.72",PracticeSettingCodeValueSet,Practice Setting Code Value Set,"This is the code representing the clinical specialty of the clinician or provider who interacted with, treated, or provided a service to/for the patient. The value set used for clinical specialty has been limited by HITSP to the value set reproduced from HITSP C80 Table 2-149 Clinical Specialty Value Set Definition.","StructureDefinition/ext-R5-DocumentReference.practiceSetting","SCT"
http://hl7.org/fhir/ValueSet/clinical-findings,4.0.1,draft,"2.16.840.1.113883.4.642.3.232",SNOMEDCTClinicalFindings,SNOMED CT Clinical Findings,"This value set includes all the ""Clinical finding"" [SNOMED CT](http://snomed.info/sct) codes - concepts where concept is-a 404684003 (Clinical finding (finding)).","StructureDefinition/ext-R5-FamilyMemberHistory.procedure","SCT"
http://hl7.org/fhir/ValueSet/composition-attestation-mode,4.0.1,draft,"2.16.840.1.113883.4.642.3.238",CompositionAttestationMode,CompositionAttestationMode,"The way in which a person authenticated a composition.","StructureDefinition/ext-R5-DocumentReference.attester","hl7.fhir.r4.core"
http://hl7.org/fhir/ValueSet/condition-severity,4.0.1,draft,"2.16.840.1.113883.4.642.3.168",Condition/DiagnosisSeverity,Condition/Diagnosis Severity,"Preferred value set for Condition/Diagnosis severity grading.","StructureDefinition/ext-R5-ConditionDefinition","SCT"
http://hl7.org/fhir/ValueSet/condition-stage,4.0.1,draft,"2.16.840.1.113883.4.642.3.170",ConditionStage,Condition Stage,"Example value set for stages of cancer and other conditions.","StructureDefinition/ext-R5-ConditionDefinition","SCT"
http://hl7.org/fhir/ValueSet/consent-action,4.0.1,draft,"2.16.840.1.113883.4.642.3.753",ConsentActionCodes,Consent Action Codes,"This value set includes sample Consent Action codes.","StructureDefinition/ext-R5-Permission,StructureDefinition/ext-R5-Consent.provision","THO"
http://hl7.org/fhir/ValueSet/consent-content-class,4.0.1,draft,"2.16.840.1.113883.4.642.3.747",ConsentContentClass,Consent Content Class,"This value set includes the FHIR resource types, along with some other important content class codes","StructureDefinition/ext-R5-Consent.provision","hl7.fhir.r4.core,Other"
http://hl7.org/fhir/ValueSet/consent-content-code,4.0.1,draft,"2.16.840.1.113883.4.642.3.748",ConsentContentCodes,Consent Content Codes,"This example value set contains all LOINC code","StructureDefinition/ext-R5-Consent.provision","LOINC"
http://hl7.org/fhir/ValueSet/consent-policy,4.0.1,draft,"2.16.840.1.113883.4.642.3.1014",ConsentPolicyRuleCodes,Consent PolicyRule Codes,"This value set includes sample Regulatory consent policy types from the US and other regions.","StructureDefinition/ext-R5-Permission,StructureDefinition/ext-R5-Consent.regulatoryBasis","THO"
http://hl7.org/fhir/ValueSet/definition-topic,4.0.1,draft,"2.16.840.1.113883.4.642.3.794",DefinitionTopic,DefinitionTopic,"High-level categorization of the definition, used for searching, sorting, and filtering.","StructureDefinition/ext-R5-NamingSystem.topic,StructureDefinition/ext-R5-CodeSystem.topic,StructureDefinition/ext-R5-ValueSet.topic,StructureDefinition/ext-R5-ConceptMap.topic","THO"
http://hl7.org/fhir/ValueSet/designation-use,4.0.1,active,"2.16.840.1.113883.4.642.3.264",DesignationUse,Designation Use,"Details of how a designation would be used","StructureDefinition/ext-R5-ValueSet.co.in.co.de.additionalUse,StructureDefinition/ext-R5-CodeSystem.co.de.additionalUse","SCT"
http://hl7.org/fhir/ValueSet/detectedissue-category,4.0.1,draft,"2.16.840.1.113883.4.642.3.204",DetectedIssueCategory,Detected Issue Category,"Kinds of issues or contraindications, such as 'drug-drug interaction', 'duplicate therapy', etc.","StructureDefinition/ext-R5-DetectedIssue.category","THO (V3)"
http://hl7.org/fhir/ValueSet/device-type,4.0.1,draft,"2.16.840.1.113883.4.642.3.1376",DeviceType,Device Type,"Codes used to identify medical devices. Includes concepts from SNOMED CT (http://www.snomed.org/) where concept is-a 49062001 (Device)  and is provided as a suggestive example.","StructureDefinition/ext-R5-DeviceDefinition.classification,StructureDefinition/ext-R5-Device.type","SCT"
http://hl7.org/fhir/ValueSet/diagnostic-service-sections,4.0.1,draft,"2.16.840.1.113883.4.642.3.234",DiagnosticServiceSectionCodes,Diagnostic Service Section Codes,"This value set includes all the codes in HL7 V2 table 0074.","StructureDefinition/ext-R5-SpecimenDefinition.ty.testingDestination","THO (V2)"
http://hl7.org/fhir/ValueSet/encounter-diet,4.0.1,draft,"2.16.840.1.113883.4.642.3.255",Diet,Diet,"This value set defines a set of codes that can be used to indicate dietary preferences or restrictions a patient may have.","StructureDefinition/ext-R5-Encounter.dietPreference","THO"
http://hl7.org/fhir/ValueSet/encounter-special-arrangements,4.0.1,draft,"2.16.840.1.113883.4.642.3.253",SpecialArrangements,Special arrangements,"This value set defines a set of codes that can be used to indicate the kinds of special arrangements in place for a patients visit.","StructureDefinition/ext-R5-Encounter.specialArrangement","THO"
http://hl7.org/fhir/ValueSet/encounter-special-courtesy,4.0.1,draft,"2.16.840.1.113883.4.642.3.252",SpecialCourtesy,Special courtesy,"This value set defines a set of codes that can be used to indicate special courtesies provided to the patient.","StructureDefinition/ext-R5-Encounter.specialCourtesy","THO (V3)"
http://hl7.org/fhir/ValueSet/encounter-type,4.0.1,draft,"2.16.840.1.113883.4.642.3.248",EncounterType,Encounter type,"This example value set defines a set of codes that can be used to indicate the type of encounter: a specific code indicating type of service provided.","StructureDefinition/ext-R5-EncounterHistory","THO"
http://hl7.org/fhir/ValueSet/endpoint-connection-type,4.0.1,draft,"2.16.840.1.113883.4.642.3.498",EndpointConnectionType,Endpoint Connection Type,"This is an example value set defined by the FHIR project, that could be used to represent possible connection type profile values.","StructureDefinition/ext-R5-Endpoint.connectionType","THO"
http://hl7.org/fhir/ValueSet/endpoint-payload-type,4.0.1,draft,"2.16.840.1.113883.4.642.3.496",EndpointPayloadType,Endpoint Payload Type,"This is an example value set defined by the FHIR project, that could be used to represent possible payload document types.","StructureDefinition/ext-R5-Endpoint.payload","THO,Other"
http://hl7.org/fhir/ValueSet/ex-benefitcategory,4.0.1,draft,"2.16.840.1.113883.4.642.3.1174",BenefitCategoryCodes,Benefit Category Codes,"This value set includes examples of Benefit Category codes.","StructureDefinition/ext-R5-Coverage.co.category","THO"
http://hl7.org/fhir/ValueSet/ex-diagnosisrelatedgroup,4.0.1,draft,"2.16.840.1.113883.4.642.3.588",ExampleDiagnosisRelatedGroupCodes,Example Diagnosis Related Group Codes,"This value set includes example Diagnosis Related Group codes.","StructureDefinition/ext-R5-ClaimResponse.diagnosisRelatedGroup,StructureDefinition/ext-R5-Claim.diagnosisRelatedGroup,StructureDefinition/ext-R5-ExplanationOfBenefit.diagnosisRelatedGroup","THO"
http://hl7.org/fhir/ValueSet/ex-revenue-center,4.0.1,draft,"2.16.840.1.113883.4.642.3.594",ExampleRevenueCenterCodes,Example Revenue Center Codes,"This value set includes sample Revenue Center codes.","StructureDefinition/ext-R5-ExplanationOfBenefit.ad.de.su.revenue,StructureDefinition/ext-R5-ClaimResponse.ad.de.su.revenue,StructureDefinition/ext-R5-ClaimResponse.ad.revenue,StructureDefinition/ext-R5-ClaimResponse.ad.de.revenue,StructureDefinition/ext-R5-ExplanationOfBenefit.ad.revenue,StructureDefinition/ext-R5-ExplanationOfBenefit.ad.de.revenue","THO"
http://hl7.org/fhir/ValueSet/immunization-program-eligibility,4.0.1,draft,"2.16.840.1.113883.4.642.3.291",ImmunizationProgramEligibility,Immunization Program Eligibility,"The value set to instantiate this attribute should be drawn from a terminologically robust code system that consists of or contains concepts to support describing the patient's eligibility for a vaccination program. This value set is provided as a suggestive example.","StructureDefinition/ext-R5-Immunization.programEligibility","THO"
http://hl7.org/fhir/ValueSet/immunization-target-disease,4.0.1,draft,"2.16.840.1.113883.4.642.3.1047",ImmunizationTargetDiseaseCodes,Immunization Target Disease Codes,"The value set to instantiate this attribute should be drawn from a terminologically robust code system that consists of or contains concepts to support describing the disease that the dose is being administered against. This value set is provided as a suggestive example and includes the SNOMED CT concepts from the 64572001 (Disease) hierarchy.","StructureDefinition/ext-R5-IR.re.targetDisease","SCT"
http://hl7.org/fhir/ValueSet/jurisdiction,4.0.1,active,"2.16.840.1.113883.4.642.3.48",Jurisdiction ValueSet,Jurisdiction,"This value set defines a base set of codes for country, country subdivision and region    for indicating where a resource is intended to be used.             Note: The codes for countries and country subdivisions are taken from    [ISO 3166](https://www.iso.org/iso-3166-country-codes.html)    while the codes for ""supra-national"" regions are from    [UN Standard country or area codes for statistical use (M49)](http://unstats.un.org/unsd/methods/m49/m49.htm).","StructureDefinition/ext-R5-SpecimenDefinition.jurisdiction,StructureDefinition/ext-R5-RegulatedAuthorization,StructureDefinition/ext-R5-SubscriptionTopic,StructureDefinition/ext-R5-SubstanceDefinition,StructureDefinition/ext-R5-ConditionDefinition,StructureDefinition/ext-R5-Requirements,StructureDefinition/ext-R5-ObservationDefinition.jurisdiction,StructureDefinition/ext-R5-PackagedProductDefinition,StructureDefinition/ext-R5-ActorDefinition,StructureDefinition/ext-R5-Citation,StructureDefinition/ext-R5-ResearchStudy.region,StructureDefinition/ext-R5-TestPlan,StructureDefinition/ext-R5-MedicinalProductDefinition","hl7.terminology.r5,Other"
http://hl7.org/fhir/ValueSet/list-empty-reason,4.0.1,draft,"2.16.840.1.113883.4.642.3.322",ListEmptyReasons,List Empty Reasons,"General reasons for a list to be empty. Reasons are either related to a summary list (i.e. problem or medication list) or to a workflow related list (i.e. consultation list).","StructureDefinition/ext-R5-EvidenceReport","THO"
http://hl7.org/fhir/ValueSet/list-order,4.0.1,draft,"2.16.840.1.113883.4.642.3.324",ListOrderCodes,List Order Codes,"Base values for the order of the items in a list resource.","StructureDefinition/ext-R5-EvidenceReport","THO"
http://hl7.org/fhir/ValueSet/marital-status,4.0.1,active,"2.16.840.1.113883.4.642.3.29",Marital Status Codes,MaritalStatus,"This value set defines the set of codes that can be used to indicate the marital status of a person.","StructureDefinition/ext-R5-Person.maritalStatus","THO (V3)"
http://hl7.org/fhir/ValueSet/measure-type,4.0.1,draft,"2.16.840.1.113883.4.642.3.769",MeasureType,MeasureType,"The type of measure (includes codes from 2.16.840.1.113883.1.11.20368).","StructureDefinition/ext-R5-Measure.gr.type","THO"
http://hl7.org/fhir/ValueSet/medication-as-needed-reason,4.0.1,draft,"2.16.840.1.113883.4.642.3.96",SNOMEDCTMedicationAsNeededReasonCodes,SNOMED CT Medication As Needed Reason Codes,"This value set includes all clinical findings from SNOMED CT - provided as an exemplar value set.","StructureDefinition/ext-R5-NutritionOrder.en.ad.schedule,StructureDefinition/ext-R5-PlanDefinition.asNeeded,StructureDefinition/ext-R5-ActivityDefinition.asNeeded,StructureDefinition/ext-R5-Dosage.asNeededFor,StructureDefinition/ext-R5-NutritionOrder.or.schedule,StructureDefinition/ext-R5-NutritionOrder.su.schedule","SCT"
http://hl7.org/fhir/ValueSet/medication-codes,4.0.1,draft,"2.16.840.1.113883.4.642.3.375",SNOMEDCTMedicationCodes,SNOMED CT Medication Codes,"This value set includes all drug or medicament substance codes and all pharmaceutical/biologic products from SNOMED CT - provided as an exemplar value set.","StructureDefinition/ext-R5-ActivityDefinition.product,StructureDefinition/ext-R5-ConditionDefinition","SCT"
http://hl7.org/fhir/ValueSet/medication-form-codes,4.0.1,draft,"2.16.840.1.113883.4.642.3.374",SNOMEDCTFormCodes,SNOMED CT Form Codes,"This value set includes all dose form codes from SNOMED CT - provided as an exemplar.","StructureDefinition/ext-R5-MedicationKnowledge.definitional","SCT"
http://hl7.org/fhir/ValueSet/medicationknowledge-characteristic,4.0.1,draft,"2.16.840.1.113883.4.642.3.1337",medicationKnowledge Characteristic Codes,Medication knowledge  characteristic  codes,"MedicationKnowledge Characteristic Codes","StructureDefinition/ext-R5-MedicationKnowledge.definitional","THO"
http://hl7.org/fhir/ValueSet/object-role,4.0.1,draft,"2.16.840.1.113883.4.642.3.460",AuditEventEntityRole,AuditEventEntityRole,"Code representing the role the entity played in the audit event.","StructureDefinition/ext-R5-AuditEvent.en.role","THO"
http://hl7.org/fhir/ValueSet/observation-category,4.0.1,draft,"2.16.840.1.113883.4.642.3.403",ObservationCategoryCodes,Observation Category Codes,"Observation Category codes.","StructureDefinition/ext-R5-ConditionDefinition","THO"
http://hl7.org/fhir/ValueSet/observation-codes,4.0.1,draft,"2.16.840.1.113883.4.642.3.396",LOINCCodes,LOINC Codes,"This value set includes all LOINC codes","StructureDefinition/ext-R5-ObservationDefinition.component,StructureDefinition/ext-R5-ConditionDefinition","LOINC"
http://hl7.org/fhir/ValueSet/participation-role-type,4.0.1,draft,"2.16.840.1.113883.4.642.3.54",ParticipationRoleType,ParticipationRoleType,"This FHIR value set is comprised of Actor participation Type codes, which can be used to value FHIR agents, actors, and other role         elements. The FHIR Actor participation type value set is based on    DICOM Audit Message, C402;   ASTM Standard, E1762-95 [2013]; selected codes and          derived actor roles from HL7 RoleClass OID 2.16.840.1.113883.5.110;    HL7 Role Code 2.16.840.1.113883.5.111, including AgentRoleType;          HL7 ParticipationType OID: 2.16.840.1.113883.5.90; and    HL7 ParticipationFunction codes OID: 2.16.840.1.113883.5.88.           This value set includes, by reference, role codes from external code systems: NUCC Health Care Provider Taxonomy OID: 2.16.840.1.113883.6.101;          North American Industry Classification System [NAICS]OID: 2.16.840.1.113883.6.85; IndustryClassificationSystem 2.16.840.1.113883.1.11.16039;          and US Census Occupation Code OID: 2.16.840.1.113883.6.243 for relevant recipient or custodian codes not included in this value set.            If no source is indicated in the definition comments, then these are example FHIR codes.","StructureDefinition/ext-R5-FamilyMemberHistory.participant,StructureDefinition/ext-R5-AllergyIntolerance.participant,StructureDefinition/ext-R5-Condition.participant,StructureDefinition/ext-R5-Consent.provision","THO (V3),THO,DICOM"
http://hl7.org/fhir/ValueSet/payment-type,4.0.1,draft,"2.16.840.1.113883.4.642.3.641",PaymentTypeCodes,Payment Type Codes,"This value set includes sample Payment Type codes.","StructureDefinition/ext-R5-PaymentReconciliation.type,StructureDefinition/ext-R5-PaymentReconciliation.allocation","THO"
http://hl7.org/fhir/ValueSet/performer-role,4.0.1,draft,"2.16.840.1.113883.4.642.3.433",ProcedurePerformerRoleCodes,Procedure Performer Role Codes,"This example value set defines the set of codes that can be used to indicate a role of a procedure performer.","StructureDefinition/ext-R5-NutritionIntake,StructureDefinition/ext-R5-Transport","SCT"
http://hl7.org/fhir/ValueSet/procedure-category,4.0.1,draft,"2.16.840.1.113883.4.642.3.430",ProcedureCategoryCodes(SNOMEDCT),Procedure Category Codes (SNOMED CT),"Procedure Category code: A selection of relevant SNOMED CT codes.","StructureDefinition/ext-R5-Procedure.category","SCT"
http://hl7.org/fhir/ValueSet/procedure-code,4.0.1,draft,"2.16.840.1.113883.4.642.3.427",ProcedureCodes(SNOMEDCT),Procedure Codes (SNOMED CT),"Procedure Code: All SNOMED CT procedure codes.","StructureDefinition/ext-R5-FamilyMemberHistory.procedure","SCT"
http://hl7.org/fhir/ValueSet/questionnaire-answers,4.0.1,draft,"2.16.840.1.113883.4.642.3.446",QuestionnaireAnswerCodes,Questionnaire Answer Codes,"Example list of codes for answers to questions. (Not complete or necessarily appropriate.)","StructureDefinition/ext-R5-Questionnaire.it.in.value,StructureDefinition/ext-R5-QR.it.an.value","SCT"
http://hl7.org/fhir/ValueSet/reason-medication-status-codes,4.0.1,draft,"2.16.840.1.113883.4.642.3.369",SNOMEDCTDrugTherapyStatusCodes,SNOMED CT Drug Therapy Status codes ,"This value set includes some taken and not taken reason codes from SNOMED CT - provided as an exemplar","StructureDefinition/ext-R5-MedicationStatement.adherence","SCT"
http://hl7.org/fhir/ValueSet/referencerange-appliesto,4.0.1,draft,"2.16.840.1.113883.4.642.3.407",ObservationReferenceRangeAppliesToCodes,Observation Reference Range Applies To Codes,"This value set defines a set of codes that can be used to indicate the particular target population the reference range applies to.","StructureDefinition/ext-R5-ObservationDefinition.qualifiedValue","SCT"
http://hl7.org/fhir/ValueSet/referencerange-meaning,4.0.1,draft,"2.16.840.1.113883.4.642.3.397",ObservationReferenceRangeMeaningCodes,Observation Reference Range Meaning Codes,"This value set defines a set of codes that can be used to indicate the meaning/use of a reference range for a particular target population.","StructureDefinition/ext-R5-ObservationDefinition.qualifiedValue","THO"
http://hl7.org/fhir/ValueSet/research-study-objective-type,4.0.1,draft,"2.16.840.1.113883.4.642.3.823",ResearchStudyObjectiveType,ResearchStudyObjectiveType,"Codes for the kind of study objective.","StructureDefinition/ext-R5-ResearchStudy.outcomeMeasure","THO"
http://hl7.org/fhir/ValueSet/research-study-reason-stopped,4.0.1,draft,"2.16.840.1.113883.4.642.3.825",ResearchStudyReasonStopped,ResearchStudyReasonStopped,"Codes for why the study ended prematurely.","StructureDefinition/ext-R5-ResearchStudy.whyStopped","THO"
http://hl7.org/fhir/ValueSet/research-study-status,4.0.1,draft,"2.16.840.1.113883.4.642.3.819",ResearchStudyStatus,ResearchStudyStatus,"Codes that convey the current status of the research study.","StructureDefinition/ext-R5-ResearchStudy.progressStatus","hl7.fhir.r4.core"
http://hl7.org/fhir/ValueSet/route-codes,4.0.1,draft,"2.16.840.1.113883.4.642.3.98",SNOMEDCTRouteCodes,SNOMED CT Route Codes,"This value set includes all Route codes from SNOMED CT - provided as an exemplar.","StructureDefinition/ext-R5-AdministrableProductDefinition,StructureDefinition/ext-R5-MedicationKnowledge.definitional,StructureDefinition/ext-R5-MedicinalProductDefinition","SCT"
http://hl7.org/fhir/ValueSet/series-performer-function,4.0.1,draft,"2.16.840.1.113883.4.642.3.989",ImagingStudySeriesPerformerFunction,ImagingStudy series performer function,"Performer function of an agent in an imaging study series","StructureDefinition/ext-R5-ImagingSelection","THO (V3)"
http://hl7.org/fhir/ValueSet/service-uscls,4.0.1,draft,"2.16.840.1.113883.4.642.3.542",USCLSCodes,USCLS Codes,"This value set includes a smattering of USCLS codes.","StructureDefinition/ext-R5-Claim.it.productOrServiceEnd,StructureDefinition/ext-R5-ClaimResponse.ad.productOrServiceEnd,StructureDefinition/ext-R5-ExplanationOfBenefit.ad.de.productOrServiceEnd,StructureDefinition/ext-R5-ExplanationOfBenefit.it.productOrServiceEnd,StructureDefinition/ext-R5-ExplanationOfBenefit.ad.de.su.productOrServiceEnd,StructureDefinition/ext-R5-ClaimResponse.ad.de.su.productOrServiceEnd,StructureDefinition/ext-R5-ExplanationOfBenefit.it.de.su.productOrServiceEnd,StructureDefinition/ext-R5-ExplanationOfBenefit.ad.productOrServiceEnd,StructureDefinition/ext-R5-Claim.it.de.productOrServiceEnd,StructureDefinition/ext-R5-Claim.it.de.su.productOrServiceEnd,StructureDefinition/ext-R5-ClaimResponse.ad.de.productOrServiceEnd,StructureDefinition/ext-R5-ExplanationOfBenefit.it.de.productOrServiceEnd","THO"
http://hl7.org/fhir/ValueSet/subscription-channel-type,4.0.1,draft,"2.16.840.1.113883.4.642.3.500",SubscriptionChannelType,SubscriptionChannelType,"The type of method used to execute a subscription.","StructureDefinition/ext-R5-Subscription.channelType","hl7.fhir.r4.core"
http://hl7.org/fhir/ValueSet/surface,4.0.1,draft,"2.16.840.1.113883.4.642.3.546",SurfaceCodes,Surface Codes,"This value set includes a smattering of FDI tooth surface codes.","StructureDefinition/ext-R5-ExplanationOfBenefit.ad.bodySite,StructureDefinition/ext-R5-Claim.it.bodySite,StructureDefinition/ext-R5-ExplanationOfBenefit.it.bodySite,StructureDefinition/ext-R5-ClaimResponse.ad.bodySite","THO"
http://hl7.org/fhir/ValueSet/testscript-operation-codes,4.0.1,draft,"2.16.840.1.113883.4.642.3.704",TestScriptOperationCode,Test script operation code,"This value set defines a set of codes that are used to indicate the supported operations of a testing engine or tool.","StructureDefinition/ext-R5-ExampleScenario.pr.st.op.type","THO"
http://hl7.org/fhir/ValueSet/ucum-units,4.0.1,draft,"2.16.840.1.113883.4.642.3.912",UCUMCodes,UCUM Codes,"Unified Code for Units of Measure (UCUM). This value set includes all UCUM codes","StructureDefinition/ext-R5-ObservationDefinition.component,StructureDefinition/ext-R5-ObservationDefinition.permittedUnit","UCUM"
http://hl7.org/fhir/uv/xver/5.0/ValueSet/R5-FHIR-version-for-R4,0.0.1-ballot,draft,,R5-FHIR-version-for-R4,Cross-version VS for R5.FHIRVersion for use in FHIR R4,"This cross-version ValueSet represents concepts from http://hl7.org/fhir/ValueSet/FHIR-version|5.0.0 for use in FHIR R4. Concepts not present here have direct `equivalent` mappings crossing all versions from R5 to R4.","StructureDefinition/ext-R5-ImplementationGuide.fhirVersion,StructureDefinition/ext-R5-StructureDefinition.fhirVersion,StructureDefinition/ext-R5-ImplementationGuide.de.re.fhirVersion,StructureDefinition/ext-R5-CapabilityStatement.fhirVersion","hl7.fhir.r4.core"
http://hl7.org/fhir/uv/xver/5.0/ValueSet/R5-action-participant-type-for-R4,0.0.1-ballot,draft,,R5-action-participant-type-for-R4,Cross-version VS for R5.ActionParticipantType for use in FHIR R4,"This cross-version ValueSet represents concepts from http://hl7.org/fhir/ValueSet/action-participant-type|5.0.0 for use in FHIR R4. Concepts not present here have direct `equivalent` mappings crossing all versions from R5 to R4.","StructureDefinition/ext-R5-PlanDefinition.ac.pa.type,StructureDefinition/ext-R5-ActivityDefinition.pa.type,StructureDefinition/ext-R5-PlanDefinition.actor,StructureDefinition/ext-R5-RequestOrchestration.ac.participant","hl7.fhir.r4.core"
http://hl7.org/fhir/uv/xver/5.0/ValueSet/R5-additional-binding-purpose-for-R4,0.0.1-ballot,draft,,R5-additional-binding-purpose-for-R4,Cross-version VS for R5.AdditionalBindingPurposeVS for use in FHIR R4,"This cross-version ValueSet represents concepts from http://hl7.org/fhir/ValueSet/additional-binding-purpose|5.0.0 for use in FHIR R4. Concepts not present here have direct `equivalent` mappings crossing all versions from R5 to R4.","StructureDefinition/ext-R5-StructureDefinition.di.element,StructureDefinition/ext-R5-ElementDefinition.bi.additional,StructureDefinition/ext-R5-StructureDefinition.sn.element","FHIR"
http://hl7.org/fhir/uv/xver/5.0/ValueSet/R5-adverse-event-status-for-R4,0.0.1-ballot,draft,,R5-adverse-event-status-for-R4,Cross-version VS for R5.AdverseEventStatus for use in FHIR R4,"This cross-version ValueSet represents concepts from http://hl7.org/fhir/ValueSet/adverse-event-status|5.0.0 for use in FHIR R4. Concepts not present here have direct `equivalent` mappings crossing all versions from R5 to R4.","StructureDefinition/ext-R5-AdverseEvent.status","hl7.fhir.r4.core"
http://hl7.org/fhir/uv/xver/5.0/ValueSet/R5-allergyintolerance-verification-for-R4,0.0.1-ballot,draft,,R5-allergyintolerance-verification-for-R4,Cross-version VS for R5.AllergyIntoleranceVerificationStatus for use in FHIR R4,"This cross-version ValueSet represents concepts from http://hl7.org/fhir/ValueSet/allergyintolerance-verification|5.0.0 for use in FHIR R4. Concepts not present here have direct `equivalent` mappings crossing all versions from R5 to R4.","StructureDefinition/ext-R5-AllergyIntolerance.verificationStatus","THO"
http://hl7.org/fhir/uv/xver/5.0/ValueSet/R5-appointmentresponse-status-for-R4,0.0.1-ballot,draft,,R5-appointmentresponse-status-for-R4,Cross-version VS for R5.AppointmentResponseStatus for use in FHIR R4,"This cross-version ValueSet represents concepts from http://hl7.org/fhir/ValueSet/appointmentresponse-status|5.0.0 for use in FHIR R4. Concepts not present here have direct `equivalent` mappings crossing all versions from R5 to R4.","StructureDefinition/ext-R5-AppointmentResponse.participantStatus","hl7.fhir.r4.core"
http://hl7.org/fhir/uv/xver/5.0/ValueSet/R5-artifactassessment-disposition-for-R4,0.0.1-ballot,draft,,R5-artifactassessment-disposition-for-R4,Cross-version VS for R5.ArtifactAssessmentDisposition for use in FHIR R4,"This cross-version ValueSet represents concepts from http://hl7.org/fhir/ValueSet/artifactassessment-disposition|5.0.0 for use in FHIR R4. Concepts not present here have direct `equivalent` mappings crossing all versions from R5 to R4.","StructureDefinition/ext-R5-ArtifactAssessment","FHIR"
http://hl7.org/fhir/uv/xver/5.0/ValueSet/R5-artifactassessment-information-type-for-R4,0.0.1-ballot,draft,,R5-artifactassessment-information-type-for-R4,Cross-version VS for R5.ArtifactAssessmentInformationType for use in FHIR R4,"This cross-version ValueSet represents concepts from http://hl7.org/fhir/ValueSet/artifactassessment-information-type|5.0.0 for use in FHIR R4. Concepts not present here have direct `equivalent` mappings crossing all versions from R5 to R4.","StructureDefinition/ext-R5-ArtifactAssessment","FHIR"
http://hl7.org/fhir/uv/xver/5.0/ValueSet/R5-artifactassessment-workflow-status-for-R4,0.0.1-ballot,draft,,R5-artifactassessment-workflow-status-for-R4,Cross-version VS for R5.ArtifactAssessmentWorkflowStatus for use in FHIR R4,"This cross-version ValueSet represents concepts from http://hl7.org/fhir/ValueSet/artifactassessment-workflow-status|5.0.0 for use in FHIR R4. Concepts not present here have direct `equivalent` mappings crossing all versions from R5 to R4.","StructureDefinition/ext-R5-ArtifactAssessment","FHIR"
http://hl7.org/fhir/uv/xver/5.0/ValueSet/R5-assert-manual-completion-codes-for-R4,0.0.1-ballot,draft,,R5-assert-manual-completion-codes-for-R4,Cross-version VS for R5.AssertionManualCompletionType for use in FHIR R4,"This cross-version ValueSet represents concepts from http://hl7.org/fhir/ValueSet/assert-manual-completion-codes|5.0.0 for use in FHIR R4. Concepts not present here have direct `equivalent` mappings crossing all versions from R5 to R4.","StructureDefinition/ext-R5-TestScript.se.ac.as.dTS","FHIR"
http://hl7.org/fhir/uv/xver/5.0/ValueSet/R5-assert-operator-codes-for-R4,0.0.1-ballot,draft,,R5-assert-operator-codes-for-R4,Cross-version VS for R5.AssertionOperatorType for use in FHIR R4,"This cross-version ValueSet represents concepts from http://hl7.org/fhir/ValueSet/assert-operator-codes|5.0.0 for use in FHIR R4. Concepts not present here have direct `equivalent` mappings crossing all versions from R5 to R4.","StructureDefinition/ext-R5-TestScript.se.ac.as.operator","hl7.fhir.r4.core"
http://hl7.org/fhir/uv/xver/5.0/ValueSet/R5-assert-response-code-types-for-R4,0.0.1-ballot,draft,,R5-assert-response-code-types-for-R4,Cross-version VS for R5.AssertionResponseTypes for use in FHIR R4,"This cross-version ValueSet represents concepts from http://hl7.org/fhir/ValueSet/assert-response-code-types|5.0.0 for use in FHIR R4. Concepts not present here have direct `equivalent` mappings crossing all versions from R5 to R4.","StructureDefinition/ext-R5-TestScript.se.ac.as.response","hl7.fhir.r4.core"
http://hl7.org/fhir/uv/xver/5.0/ValueSet/R5-audit-event-severity-for-R4,0.0.1-ballot,draft,,R5-audit-event-severity-for-R4,Cross-version VS for R5.AuditEventSeverity for use in FHIR R4,"This cross-version ValueSet represents concepts from http://hl7.org/fhir/ValueSet/audit-event-severity|5.0.0 for use in FHIR R4. Concepts not present here have direct `equivalent` mappings crossing all versions from R5 to R4.","StructureDefinition/ext-R5-AuditEvent.severity","FHIR"
http://hl7.org/fhir/uv/xver/5.0/ValueSet/R5-biologicallyderivedproductdispense-status-for-R4,0.0.1-ballot,draft,,R5-biologicallyderivedproductdispense-status-for-R4,Cross-version VS for R5.BiologicallyDerivedProductDispenseCodes for use in FHIR R4,"This cross-version ValueSet represents concepts from http://hl7.org/fhir/ValueSet/biologicallyderivedproductdispense-status|5.0.0 for use in FHIR R4. Concepts not present here have direct `equivalent` mappings crossing all versions from R5 to R4.","StructureDefinition/ext-R5-BiologicallyDerivedProductDispense","FHIR"
http://hl7.org/fhir/uv/xver/5.0/ValueSet/R5-bundle-type-for-R4,0.0.1-ballot,draft,,R5-bundle-type-for-R4,Cross-version VS for R5.BundleType for use in FHIR R4,"This cross-version ValueSet represents concepts from http://hl7.org/fhir/ValueSet/bundle-type|5.0.0 for use in FHIR R4. Concepts not present here have direct `equivalent` mappings crossing all versions from R5 to R4.","StructureDefinition/ext-R5-Bundle.type","hl7.fhir.r4.core"
http://hl7.org/fhir/uv/xver/5.0/ValueSet/R5-care-plan-intent-for-R4,0.0.1-ballot,draft,,R5-care-plan-intent-for-R4,Cross-version VS for R5.CarePlanIntent for use in FHIR R4,"This cross-version ValueSet represents concepts from http://hl7.org/fhir/ValueSet/care-plan-intent|5.0.0 for use in FHIR R4. Concepts not present here have direct `equivalent` mappings crossing all versions from R5 to R4.","StructureDefinition/ext-R5-CarePlan.intent","hl7.fhir.r4.core"
http://hl7.org/fhir/uv/xver/5.0/ValueSet/R5-characteristic-combination-for-R4,0.0.1-ballot,draft,,R5-characteristic-combination-for-R4,Cross-version VS for R5.CharacteristicCombination for use in FHIR R4,"This cross-version ValueSet represents concepts from http://hl7.org/fhir/ValueSet/characteristic-combination|5.0.0 for use in FHIR R4. Concepts not present here have direct `equivalent` mappings crossing all versions from R5 to R4.","StructureDefinition/ext-R5-EvidenceVariable.ch.dEV","FHIR"
http://hl7.org/fhir/uv/xver/5.0/ValueSet/R5-clinical-use-definition-type-for-R4,0.0.1-ballot,draft,,R5-clinical-use-definition-type-for-R4,Cross-version VS for R5.ClinicalUseDefinitionType for use in FHIR R4,"This cross-version ValueSet represents concepts from http://hl7.org/fhir/ValueSet/clinical-use-definition-type|5.0.0 for use in FHIR R4. Concepts not present here have direct `equivalent` mappings crossing all versions from R5 to R4.","StructureDefinition/ext-R5-ClinicalUseDefinition","FHIR"
http://hl7.org/fhir/uv/xver/5.0/ValueSet/R5-code-search-support-for-R4,0.0.1-ballot,draft,,R5-code-search-support-for-R4,Cross-version VS for R5.CodeSearchSupport for use in FHIR R4,"This cross-version ValueSet represents concepts from http://hl7.org/fhir/ValueSet/code-search-support|5.0.0 for use in FHIR R4. Concepts not present here have direct `equivalent` mappings crossing all versions from R5 to R4.","StructureDefinition/ext-R5-TerminologyCapabilities.codeSearch","hl7.fhir.r4.core"
http://hl7.org/fhir/uv/xver/5.0/ValueSet/R5-compartment-type-for-R4,0.0.1-ballot,draft,,R5-compartment-type-for-R4,Cross-version VS for R5.CompartmentType for use in FHIR R4,"This cross-version ValueSet represents concepts from http://hl7.org/fhir/ValueSet/compartment-type|5.0.0 for use in FHIR R4. Concepts not present here have direct `equivalent` mappings crossing all versions from R5 to R4.","StructureDefinition/ext-R5-GraphDefinition.li.compartment","hl7.fhir.r4.core"
http://hl7.org/fhir/uv/xver/5.0/ValueSet/R5-composition-status-for-R4,0.0.1-ballot,draft,,R5-composition-status-for-R4,Cross-version VS for R5.CompositionStatus for use in FHIR R4,"This cross-version ValueSet represents concepts from http://hl7.org/fhir/ValueSet/composition-status|5.0.0 for use in FHIR R4. Concepts not present here have direct `equivalent` mappings crossing all versions from R5 to R4.","StructureDefinition/ext-R5-Composition.status,StructureDefinition/ext-R5-DocumentReference.docStatus","hl7.fhir.r4.core"
http://hl7.org/fhir/uv/xver/5.0/ValueSet/R5-concept-map-relationship-for-R4,0.0.1-ballot,draft,,R5-concept-map-relationship-for-R4,Cross-version VS for R5.ConceptMapRelationship for use in FHIR R4,"This cross-version ValueSet represents concepts from http://hl7.org/fhir/ValueSet/concept-map-relationship|5.0.0 for use in FHIR R4. Concepts not present here have direct `equivalent` mappings crossing all versions from R5 to R4.","StructureDefinition/ext-R5-ConceptMap.gr.el.ta.relationship,StructureDefinition/ext-R5-ConceptMap.gr.un.relationship","FHIR"
http://hl7.org/fhir/uv/xver/5.0/ValueSet/R5-conceptmap-attribute-type-for-R4,0.0.1-ballot,draft,,R5-conceptmap-attribute-type-for-R4,Cross-version VS for R5.ConceptMapAttributeType for use in FHIR R4,"This cross-version ValueSet represents concepts from http://hl7.org/fhir/ValueSet/conceptmap-attribute-type|5.0.0 for use in FHIR R4. Concepts not present here have direct `equivalent` mappings crossing all versions from R5 to R4.","StructureDefinition/ext-R5-ConceptMap.additionalAttribute","FHIR"
http://hl7.org/fhir/uv/xver/5.0/ValueSet/R5-conceptmap-property-type-for-R4,0.0.1-ballot,draft,,R5-conceptmap-property-type-for-R4,Cross-version VS for R5.ConceptMapPropertyType for use in FHIR R4,"This cross-version ValueSet represents concepts from http://hl7.org/fhir/ValueSet/conceptmap-property-type|5.0.0 for use in FHIR R4. Concepts not present here have direct `equivalent` mappings crossing all versions from R5 to R4.","StructureDefinition/ext-R5-ConceptMap.property","FHIR"
http://hl7.org/fhir/uv/xver/5.0/ValueSet/R5-conceptmap-unmapped-mode-for-R4,0.0.1-ballot,draft,,R5-conceptmap-unmapped-mode-for-R4,Cross-version VS for R5.ConceptMapGroupUnmappedMode for use in FHIR R4,"This cross-version ValueSet represents concepts from http://hl7.org/fhir/ValueSet/conceptmap-unmapped-mode|5.0.0 for use in FHIR R4. Concepts not present here have direct `equivalent` mappings crossing all versions from R5 to R4.",,"hl7.fhir.r4.core"
http://hl7.org/fhir/uv/xver/5.0/ValueSet/R5-condition-clinical-for-R4,0.0.1-ballot,draft,,R5-condition-clinical-for-R4,Cross-version VS for R5.ConditionClinicalStatusCodes for use in FHIR R4,"This cross-version ValueSet represents concepts from http://hl7.org/fhir/ValueSet/condition-clinical|5.0.0 for use in FHIR R4. Concepts not present here have direct `equivalent` mappings crossing all versions from R5 to R4.","StructureDefinition/ext-R5-Condition.clinicalStatus","THO"
http://hl7.org/fhir/uv/xver/5.0/ValueSet/R5-condition-precondition-type-for-R4,0.0.1-ballot,draft,,R5-condition-precondition-type-for-R4,Cross-version VS for R5.ConditionPreconditionType for use in FHIR R4,"This cross-version ValueSet represents concepts from http://hl7.org/fhir/ValueSet/condition-precondition-type|5.0.0 for use in FHIR R4. Concepts not present here have direct `equivalent` mappings crossing all versions from R5 to R4.","StructureDefinition/ext-R5-ConditionDefinition","FHIR"
http://hl7.org/fhir/uv/xver/5.0/ValueSet/R5-condition-questionnaire-purpose-for-R4,0.0.1-ballot,draft,,R5-condition-questionnaire-purpose-for-R4,Cross-version VS for R5.ConditionQuestionnairePurpose for use in FHIR R4,"This cross-version ValueSet represents concepts from http://hl7.org/fhir/ValueSet/condition-questionnaire-purpose|5.0.0 for use in FHIR R4. Concepts not present here have direct `equivalent` mappings crossing all versions from R5 to R4.","StructureDefinition/ext-R5-ConditionDefinition","FHIR"
http://hl7.org/fhir/uv/xver/5.0/ValueSet/R5-conformance-expectation-for-R4,0.0.1-ballot,draft,,R5-conformance-expectation-for-R4,Cross-version VS for R5.ConformanceExpectation for use in FHIR R4,"This cross-version ValueSet represents concepts from http://hl7.org/fhir/ValueSet/conformance-expectation|5.0.0 for use in FHIR R4. Concepts not present here have direct `equivalent` mappings crossing all versions from R5 to R4.","StructureDefinition/ext-R5-Requirements","FHIR"
http://hl7.org/fhir/uv/xver/5.0/ValueSet/R5-consent-state-codes-for-R4,0.0.1-ballot,draft,,R5-consent-state-codes-for-R4,Cross-version VS for R5.ConsentState for use in FHIR R4,"This cross-version ValueSet represents concepts from http://hl7.org/fhir/ValueSet/consent-state-codes|5.0.0 for use in FHIR R4. Concepts not present here have direct `equivalent` mappings crossing all versions from R5 to R4.","StructureDefinition/ext-R5-Consent.status","hl7.fhir.r4.core"
http://hl7.org/fhir/uv/xver/5.0/ValueSet/R5-coverage-kind-for-R4,0.0.1-ballot,draft,,R5-coverage-kind-for-R4,Cross-version VS for R5.Kind for use in FHIR R4,"This cross-version ValueSet represents concepts from http://hl7.org/fhir/ValueSet/coverage-kind|5.0.0 for use in FHIR R4. Concepts not present here have direct `equivalent` mappings crossing all versions from R5 to R4.","StructureDefinition/ext-R5-Coverage.kind","FHIR"
http://hl7.org/fhir/uv/xver/5.0/ValueSet/R5-detectedissue-status-for-R4,0.0.1-ballot,draft,,R5-detectedissue-status-for-R4,Cross-version VS for R5.DetectedIssueStatus for use in FHIR R4,"This cross-version ValueSet represents concepts from http://hl7.org/fhir/ValueSet/detectedissue-status|5.0.0 for use in FHIR R4. Concepts not present here have direct `equivalent` mappings crossing all versions from R5 to R4.","StructureDefinition/ext-R5-DetectedIssue.status","FHIR"
http://hl7.org/fhir/uv/xver/5.0/ValueSet/R5-device-correctiveactionscope-for-R4,0.0.1-ballot,draft,,R5-device-correctiveactionscope-for-R4,Cross-version VS for R5.DeviceCorrectiveActionScope for use in FHIR R4,"This cross-version ValueSet represents concepts from http://hl7.org/fhir/ValueSet/device-correctiveactionscope|5.0.0 for use in FHIR R4. Concepts not present here have direct `equivalent` mappings crossing all versions from R5 to R4.","StructureDefinition/ext-R5-DeviceDefinition.correctiveAction","FHIR"
http://hl7.org/fhir/uv/xver/5.0/ValueSet/R5-device-nametype-for-R4,0.0.1-ballot,draft,,R5-device-nametype-for-R4,Cross-version VS for R5.DeviceNameType for use in FHIR R4,"This cross-version ValueSet represents concepts from http://hl7.org/fhir/ValueSet/device-nametype|5.0.0 for use in FHIR R4. Concepts not present here have direct `equivalent` mappings crossing all versions from R5 to R4.",,"hl7.fhir.r4.core"
http://hl7.org/fhir/uv/xver/5.0/ValueSet/R5-device-productidentifierinudi-for-R4,0.0.1-ballot,draft,,R5-device-productidentifierinudi-for-R4,Cross-version VS for R5.DeviceProductionIdentifierInUDI for use in FHIR R4,"This cross-version ValueSet represents concepts from http://hl7.org/fhir/ValueSet/device-productidentifierinudi|5.0.0 for use in FHIR R4. Concepts not present here have direct `equivalent` mappings crossing all versions from R5 to R4.","StructureDefinition/ext-R5-DeviceDefinition.productionIdentifierInUDI","FHIR"
http://hl7.org/fhir/uv/xver/5.0/ValueSet/R5-deviceassociation-status-for-R4,0.0.1-ballot,draft,,R5-deviceassociation-status-for-R4,Cross-version VS for R5.DeviceAssociationCodes for use in FHIR R4,"This cross-version ValueSet represents concepts from http://hl7.org/fhir/ValueSet/deviceassociation-status|5.0.0 for use in FHIR R4. Concepts not present here have direct `equivalent` mappings crossing all versions from R5 to R4.","StructureDefinition/ext-R5-DeviceAssociation","FHIR"
http://hl7.org/fhir/uv/xver/5.0/ValueSet/R5-deviceassociation-status-reason-for-R4,0.0.1-ballot,draft,,R5-deviceassociation-status-reason-for-R4,Cross-version VS for R5.DeviceAssociationCodes for use in FHIR R4,"This cross-version ValueSet represents concepts from http://hl7.org/fhir/ValueSet/deviceassociation-status-reason|5.0.0 for use in FHIR R4. Concepts not present here have direct `equivalent` mappings crossing all versions from R5 to R4.","StructureDefinition/ext-R5-DeviceAssociation","FHIR"
http://hl7.org/fhir/uv/xver/5.0/ValueSet/R5-devicedefinition-regulatory-identifier-type-for-R4,0.0.1-ballot,draft,,R5-devicedefinition-regulatory-identifier-type-for-R4,Cross-version VS for R5.DeviceDefinitionRegulatoryIdentifierType for use in FHIR R4,"This cross-version ValueSet represents concepts from http://hl7.org/fhir/ValueSet/devicedefinition-regulatory-identifier-type|5.0.0 for use in FHIR R4. Concepts not present here have direct `equivalent` mappings crossing all versions from R5 to R4.","StructureDefinition/ext-R5-DeviceDefinition.regulatoryIdentifier","FHIR"
http://hl7.org/fhir/uv/xver/5.0/ValueSet/R5-devicedispense-status-for-R4,0.0.1-ballot,draft,,R5-devicedispense-status-for-R4,Cross-version VS for R5.DeviceDispenseStatusCodes for use in FHIR R4,"This cross-version ValueSet represents concepts from http://hl7.org/fhir/ValueSet/devicedispense-status|5.0.0 for use in FHIR R4. Concepts not present here have direct `equivalent` mappings crossing all versions from R5 to R4.","StructureDefinition/ext-R5-DeviceDispense","FHIR"
http://hl7.org/fhir/uv/xver/5.0/ValueSet/R5-deviceusage-status-for-R4,0.0.1-ballot,draft,,R5-deviceusage-status-for-R4,Cross-version VS for R5.DeviceUsageStatus for use in FHIR R4,"This cross-version ValueSet represents concepts from http://hl7.org/fhir/ValueSet/deviceusage-status|5.0.0 for use in FHIR R4. Concepts not present here have direct `equivalent` mappings crossing all versions from R5 to R4.","StructureDefinition/ext-R5-DeviceUsage.status,StructureDefinition/ext-R5-DeviceUsage.usageStatus","FHIR"
http://hl7.org/fhir/uv/xver/5.0/ValueSet/R5-diagnostic-report-status-for-R4,0.0.1-ballot,draft,,R5-diagnostic-report-status-for-R4,Cross-version VS for R5.DiagnosticReportStatus for use in FHIR R4,"This cross-version ValueSet represents concepts from http://hl7.org/fhir/ValueSet/diagnostic-report-status|5.0.0 for use in FHIR R4. Concepts not present here have direct `equivalent` mappings crossing all versions from R5 to R4.","StructureDefinition/ext-R5-DiagnosticReport.status","hl7.fhir.r4.core"
http://hl7.org/fhir/uv/xver/5.0/ValueSet/R5-discriminator-type-for-R4,0.0.1-ballot,draft,,R5-discriminator-type-for-R4,Cross-version VS for R5.DiscriminatorType for use in FHIR R4,"This cross-version ValueSet represents concepts from http://hl7.org/fhir/ValueSet/discriminator-type|5.0.0 for use in FHIR R4. Concepts not present here have direct `equivalent` mappings crossing all versions from R5 to R4.","StructureDefinition/ext-R5-ElementDefinition.sl.di.type,StructureDefinition/ext-R5-StructureDefinition.di.element,StructureDefinition/ext-R5-StructureDefinition.sn.element","hl7.fhir.r4.core"
http://hl7.org/fhir/uv/xver/5.0/ValueSet/R5-encounter-status-for-R4,0.0.1-ballot,draft,,R5-encounter-status-for-R4,Cross-version VS for R5.EncounterStatus for use in FHIR R4,"This cross-version ValueSet represents concepts from http://hl7.org/fhir/ValueSet/encounter-status|5.0.0 for use in FHIR R4. Concepts not present here have direct `equivalent` mappings crossing all versions from R5 to R4.","StructureDefinition/ext-R5-EncounterHistory,StructureDefinition/ext-R5-Encounter.status","hl7.fhir.r4.core"
http://hl7.org/fhir/uv/xver/5.0/ValueSet/R5-event-timing-for-R4,0.0.1-ballot,draft,,R5-event-timing-for-R4,Cross-version VS for R5.EventTiming for use in FHIR R4,"This cross-version ValueSet represents concepts from http://hl7.org/fhir/ValueSet/event-timing|5.0.0 for use in FHIR R4. Concepts not present here have direct `equivalent` mappings crossing all versions from R5 to R4.","StructureDefinition/ext-R5-Timing.re.when","hl7.fhir.r4.core"
http://hl7.org/fhir/uv/xver/5.0/ValueSet/R5-fhir-types-for-R4,0.0.1-ballot,draft,,R5-fhir-types-for-R4,Cross-version VS for R5.FHIRTypes for use in FHIR R4,"This cross-version ValueSet represents concepts from http://hl7.org/fhir/ValueSet/fhir-types|5.0.0 for use in FHIR R4. Concepts not present here have direct `equivalent` mappings crossing all versions from R5 to R4.","StructureDefinition/ext-R5-Measure.gr.basis,StructureDefinition/ext-R5-OperationDefinition.pa.allowedType,StructureDefinition/ext-R5-Measure.basis","FHIR"
http://hl7.org/fhir/uv/xver/5.0/ValueSet/R5-filter-operator-for-R4,0.0.1-ballot,draft,,R5-filter-operator-for-R4,Cross-version VS for R5.FilterOperator for use in FHIR R4,"This cross-version ValueSet represents concepts from http://hl7.org/fhir/ValueSet/filter-operator|5.0.0 for use in FHIR R4. Concepts not present here have direct `equivalent` mappings crossing all versions from R5 to R4.","StructureDefinition/ext-R5-CodeSystem.fi.operator,StructureDefinition/ext-R5-ValueSet.co.in.fi.op","hl7.fhir.r4.core"
http://hl7.org/fhir/uv/xver/5.0/ValueSet/R5-formularyitem-status-for-R4,0.0.1-ballot,draft,,R5-formularyitem-status-for-R4,Cross-version VS for R5.FormularyItemStatusCodes for use in FHIR R4,"This cross-version ValueSet represents concepts from http://hl7.org/fhir/ValueSet/formularyitem-status|5.0.0 for use in FHIR R4. Concepts not present here have direct `equivalent` mappings crossing all versions from R5 to R4.","StructureDefinition/ext-R5-FormularyItem","FHIR"
http://hl7.org/fhir/uv/xver/5.0/ValueSet/R5-genomicstudy-status-for-R4,0.0.1-ballot,draft,,R5-genomicstudy-status-for-R4,Cross-version VS for R5.GenomicStudyStatus for use in FHIR R4,"This cross-version ValueSet represents concepts from http://hl7.org/fhir/ValueSet/genomicstudy-status|5.0.0 for use in FHIR R4. Concepts not present here have direct `equivalent` mappings crossing all versions from R5 to R4.","StructureDefinition/ext-R5-GenomicStudy","FHIR"
http://hl7.org/fhir/uv/xver/5.0/ValueSet/R5-graph-compartment-use-for-R4,0.0.1-ballot,draft,,R5-graph-compartment-use-for-R4,Cross-version VS for R5.GraphCompartmentUse for use in FHIR R4,"This cross-version ValueSet represents concepts from http://hl7.org/fhir/ValueSet/graph-compartment-use|5.0.0 for use in FHIR R4. Concepts not present here have direct `equivalent` mappings crossing all versions from R5 to R4.","StructureDefinition/ext-R5-GraphDefinition.li.compartment","hl7.fhir.r4.core"
http://hl7.org/fhir/uv/xver/5.0/ValueSet/R5-group-membership-basis-for-R4,0.0.1-ballot,draft,,R5-group-membership-basis-for-R4,Cross-version VS for R5.GroupMembershipBasis for use in FHIR R4,"This cross-version ValueSet represents concepts from http://hl7.org/fhir/ValueSet/group-membership-basis|5.0.0 for use in FHIR R4. Concepts not present here have direct `equivalent` mappings crossing all versions from R5 to R4.","StructureDefinition/ext-R5-Group.membership","FHIR"
http://hl7.org/fhir/uv/xver/5.0/ValueSet/R5-group-type-for-R4,0.0.1-ballot,draft,,R5-group-type-for-R4,Cross-version VS for R5.GroupType for use in FHIR R4,"This cross-version ValueSet represents concepts from http://hl7.org/fhir/ValueSet/group-type|5.0.0 for use in FHIR R4. Concepts not present here have direct `equivalent` mappings crossing all versions from R5 to R4.","StructureDefinition/ext-R5-Group.type","hl7.fhir.r4.core"
http://hl7.org/fhir/uv/xver/5.0/ValueSet/R5-iana-link-relations-for-R4,0.0.1-ballot,draft,,R5-iana-link-relations-for-R4,Cross-version VS for R5.LinkRelationTypes for use in FHIR R4,"This cross-version ValueSet represents concepts from http://hl7.org/fhir/ValueSet/iana-link-relations|5.0.0 for use in FHIR R4. Concepts not present here have direct `equivalent` mappings crossing all versions from R5 to R4.","StructureDefinition/ext-R5-Bundle.li.relation","FHIR"
http://hl7.org/fhir/uv/xver/5.0/ValueSet/R5-imagingselection-2dgraphictype-for-R4,0.0.1-ballot,draft,,R5-imagingselection-2dgraphictype-for-R4,Cross-version VS for R5.ImagingSelection2DGraphicType for use in FHIR R4,"This cross-version ValueSet represents concepts from http://hl7.org/fhir/ValueSet/imagingselection-2dgraphictype|5.0.0 for use in FHIR R4. Concepts not present here have direct `equivalent` mappings crossing all versions from R5 to R4.","StructureDefinition/ext-R5-ImagingSelection","FHIR"
http://hl7.org/fhir/uv/xver/5.0/ValueSet/R5-imagingselection-3dgraphictype-for-R4,0.0.1-ballot,draft,,R5-imagingselection-3dgraphictype-for-R4,Cross-version VS for R5.ImagingSelection3DGraphicType for use in FHIR R4,"This cross-version ValueSet represents concepts from http://hl7.org/fhir/ValueSet/imagingselection-3dgraphictype|5.0.0 for use in FHIR R4. Concepts not present here have direct `equivalent` mappings crossing all versions from R5 to R4.","StructureDefinition/ext-R5-ImagingSelection","FHIR"
http://hl7.org/fhir/uv/xver/5.0/ValueSet/R5-imagingselection-status-for-R4,0.0.1-ballot,draft,,R5-imagingselection-status-for-R4,Cross-version VS for R5.ImagingSelectionStatus for use in FHIR R4,"This cross-version ValueSet represents concepts from http://hl7.org/fhir/ValueSet/imagingselection-status|5.0.0 for use in FHIR R4. Concepts not present here have direct `equivalent` mappings crossing all versions from R5 to R4.","StructureDefinition/ext-R5-ImagingSelection","FHIR"
http://hl7.org/fhir/uv/xver/5.0/ValueSet/R5-ingredient-manufacturer-role-for-R4,0.0.1-ballot,draft,,R5-ingredient-manufacturer-role-for-R4,Cross-version VS for R5.IngredientManufacturerRole for use in FHIR R4,"This cross-version ValueSet represents concepts from http://hl7.org/fhir/ValueSet/ingredient-manufacturer-role|5.0.0 for use in FHIR R4. Concepts not present here have direct `equivalent` mappings crossing all versions from R5 to R4.","StructureDefinition/ext-R5-Ingredient","FHIR"
http://hl7.org/fhir/uv/xver/5.0/ValueSet/R5-interaction-trigger-for-R4,0.0.1-ballot,draft,,R5-interaction-trigger-for-R4,Cross-version VS for R5.InteractionTrigger for use in FHIR R4,"This cross-version ValueSet represents concepts from http://hl7.org/fhir/ValueSet/interaction-trigger|5.0.0 for use in FHIR R4. Concepts not present here have direct `equivalent` mappings crossing all versions from R5 to R4.","StructureDefinition/ext-R5-SubscriptionTopic","hl7.fhir.r4.core"
http://hl7.org/fhir/uv/xver/5.0/ValueSet/R5-inventoryitem-status-for-R4,0.0.1-ballot,draft,,R5-inventoryitem-status-for-R4,Cross-version VS for R5.InventoryItemStatusCodes for use in FHIR R4,"This cross-version ValueSet represents concepts from http://hl7.org/fhir/ValueSet/inventoryitem-status|5.0.0 for use in FHIR R4. Concepts not present here have direct `equivalent` mappings crossing all versions from R5 to R4.","StructureDefinition/ext-R5-InventoryItem","FHIR"
http://hl7.org/fhir/uv/xver/5.0/ValueSet/R5-inventoryreport-counttype-for-R4,0.0.1-ballot,draft,,R5-inventoryreport-counttype-for-R4,Cross-version VS for R5.InventoryCountType for use in FHIR R4,"This cross-version ValueSet represents concepts from http://hl7.org/fhir/ValueSet/inventoryreport-counttype|5.0.0 for use in FHIR R4. Concepts not present here have direct `equivalent` mappings crossing all versions from R5 to R4.","StructureDefinition/ext-R5-InventoryReport","FHIR"
http://hl7.org/fhir/uv/xver/5.0/ValueSet/R5-inventoryreport-status-for-R4,0.0.1-ballot,draft,,R5-inventoryreport-status-for-R4,Cross-version VS for R5.InventoryReportStatus for use in FHIR R4,"This cross-version ValueSet represents concepts from http://hl7.org/fhir/ValueSet/inventoryreport-status|5.0.0 for use in FHIR R4. Concepts not present here have direct `equivalent` mappings crossing all versions from R5 to R4.","StructureDefinition/ext-R5-InventoryReport","FHIR"
http://hl7.org/fhir/uv/xver/5.0/ValueSet/R5-issue-severity-for-R4,0.0.1-ballot,draft,,R5-issue-severity-for-R4,Cross-version VS for R5.IssueSeverity for use in FHIR R4,"This cross-version ValueSet represents concepts from http://hl7.org/fhir/ValueSet/issue-severity|5.0.0 for use in FHIR R4. Concepts not present here have direct `equivalent` mappings crossing all versions from R5 to R4.","StructureDefinition/ext-R5-OperationOutcome.is.severity","hl7.fhir.r4.core"
http://hl7.org/fhir/uv/xver/5.0/ValueSet/R5-issue-type-for-R4,0.0.1-ballot,draft,,R5-issue-type-for-R4,Cross-version VS for R5.IssueType for use in FHIR R4,"This cross-version ValueSet represents concepts from http://hl7.org/fhir/ValueSet/issue-type|5.0.0 for use in FHIR R4. Concepts not present here have direct `equivalent` mappings crossing all versions from R5 to R4.","StructureDefinition/ext-R5-OperationOutcome.is.code","hl7.fhir.r4.core"
http://hl7.org/fhir/uv/xver/5.0/ValueSet/R5-item-type-for-R4,0.0.1-ballot,draft,,R5-item-type-for-R4,Cross-version VS for R5.QuestionnaireItemType for use in FHIR R4,"This cross-version ValueSet represents concepts from http://hl7.org/fhir/ValueSet/item-type|5.0.0 for use in FHIR R4. Concepts not present here have direct `equivalent` mappings crossing all versions from R5 to R4.","StructureDefinition/ext-R5-Questionnaire.it.type","hl7.fhir.r4.core"
http://hl7.org/fhir/uv/xver/5.0/ValueSet/R5-languages-for-R4,0.0.1-ballot,draft,,R5-languages-for-R4,Cross-version VS for R5.CommonLanguages for use in FHIR R4,"This cross-version ValueSet represents concepts from http://hl7.org/fhir/ValueSet/languages|5.0.0 for use in FHIR R4. Concepts not present here have direct `equivalent` mappings crossing all versions from R5 to R4.","StructureDefinition/ext-R5-InventoryItem,StructureDefinition/ext-R5-Citation,StructureDefinition/ext-R5-TC.co.ve.language","hl7.terminology.r5"
http://hl7.org/fhir/uv/xver/5.0/ValueSet/R5-medication-statement-status-for-R4,0.0.1-ballot,draft,,R5-medication-statement-status-for-R4,Cross-version VS for R5.MedicationStatementStatusCodes for use in FHIR R4,"This cross-version ValueSet represents concepts from http://hl7.org/fhir/ValueSet/medication-statement-status|5.0.0 for use in FHIR R4. Concepts not present here have direct `equivalent` mappings crossing all versions from R5 to R4.",,"hl7.fhir.r4.core"
http://hl7.org/fhir/uv/xver/5.0/ValueSet/R5-medicationrequest-status-for-R4,0.0.1-ballot,draft,,R5-medicationrequest-status-for-R4,Cross-version VS for R5.MedicationrequestStatus for use in FHIR R4,"This cross-version ValueSet represents concepts from http://hl7.org/fhir/ValueSet/medicationrequest-status|5.0.0 for use in FHIR R4. Concepts not present here have direct `equivalent` mappings crossing all versions from R5 to R4.","StructureDefinition/ext-R5-MedicationRequest.status","hl7.fhir.r4.core"
http://hl7.org/fhir/uv/xver/5.0/ValueSet/R5-namingsystem-identifier-type-for-R4,0.0.1-ballot,draft,,R5-namingsystem-identifier-type-for-R4,Cross-version VS for R5.NamingSystemIdentifierType for use in FHIR R4,"This cross-version ValueSet represents concepts from http://hl7.org/fhir/ValueSet/namingsystem-identifier-type|5.0.0 for use in FHIR R4. Concepts not present here have direct `equivalent` mappings crossing all versions from R5 to R4.","StructureDefinition/ext-R5-NamingSystem.un.type","hl7.fhir.r4.core"
http://hl7.org/fhir/uv/xver/5.0/ValueSet/R5-nutritionproduct-status-for-R4,0.0.1-ballot,draft,,R5-nutritionproduct-status-for-R4,Cross-version VS for R5.NutritionProductStatus for use in FHIR R4,"This cross-version ValueSet represents concepts from http://hl7.org/fhir/ValueSet/nutritionproduct-status|5.0.0 for use in FHIR R4. Concepts not present here have direct `equivalent` mappings crossing all versions from R5 to R4.","StructureDefinition/ext-R5-NutritionProduct","FHIR"
http://hl7.org/fhir/uv/xver/5.0/ValueSet/R5-observation-triggeredbytype-for-R4,0.0.1-ballot,draft,,R5-observation-triggeredbytype-for-R4,Cross-version VS for R5.TriggeredBytype for use in FHIR R4,"This cross-version ValueSet represents concepts from http://hl7.org/fhir/ValueSet/observation-triggeredbytype|5.0.0 for use in FHIR R4. Concepts not present here have direct `equivalent` mappings crossing all versions from R5 to R4.","StructureDefinition/ext-R5-Observation.triggeredBy","FHIR"
http://hl7.org/fhir/uv/xver/5.0/ValueSet/R5-operation-parameter-scope-for-R4,0.0.1-ballot,draft,,R5-operation-parameter-scope-for-R4,Cross-version VS for R5.OperationParameterScope for use in FHIR R4,"This cross-version ValueSet represents concepts from http://hl7.org/fhir/ValueSet/operation-parameter-scope|5.0.0 for use in FHIR R4. Concepts not present here have direct `equivalent` mappings crossing all versions from R5 to R4.","StructureDefinition/ext-R5-OperationDefinition.pa.scope","FHIR"
http://hl7.org/fhir/uv/xver/5.0/ValueSet/R5-permission-rule-combining-for-R4,0.0.1-ballot,draft,,R5-permission-rule-combining-for-R4,Cross-version VS for R5.PermissionRuleCombining for use in FHIR R4,"This cross-version ValueSet represents concepts from http://hl7.org/fhir/ValueSet/permission-rule-combining|5.0.0 for use in FHIR R4. Concepts not present here have direct `equivalent` mappings crossing all versions from R5 to R4.","StructureDefinition/ext-R5-Permission","FHIR"
http://hl7.org/fhir/uv/xver/5.0/ValueSet/R5-permission-status-for-R4,0.0.1-ballot,draft,,R5-permission-status-for-R4,Cross-version VS for R5.PermissionStatus for use in FHIR R4,"This cross-version ValueSet represents concepts from http://hl7.org/fhir/ValueSet/permission-status|5.0.0 for use in FHIR R4. Concepts not present here have direct `equivalent` mappings crossing all versions from R5 to R4.","StructureDefinition/ext-R5-Permission","FHIR"
http://hl7.org/fhir/uv/xver/5.0/ValueSet/R5-price-component-type-for-R4,0.0.1-ballot,draft,,R5-price-component-type-for-R4,Cross-version VS for R5.PriceComponentType for use in FHIR R4,"This cross-version ValueSet represents concepts from http://hl7.org/fhir/ValueSet/price-component-type|5.0.0 for use in FHIR R4. Concepts not present here have direct `equivalent` mappings crossing all versions from R5 to R4.","StructureDefinition/ext-R5-ChargeItem.unitPriceComponent,StructureDefinition/ext-R5-Invoice.totalPriceComponent,StructureDefinition/ext-R5-ChargeItem.totalPriceComponent,StructureDefinition/ext-R5-ChargeItemDefinition.pr.priceComponent,StructureDefinition/ext-R5-Invoice.li.priceComponent,StructureDefinition/ext-R5-MonetaryComponent","FHIR"
http://hl7.org/fhir/uv/xver/5.0/ValueSet/R5-provenance-entity-role-for-R4,0.0.1-ballot,draft,,R5-provenance-entity-role-for-R4,Cross-version VS for R5.ProvenanceEntityRole for use in FHIR R4,"This cross-version ValueSet represents concepts from http://hl7.org/fhir/ValueSet/provenance-entity-role|5.0.0 for use in FHIR R4. Concepts not present here have direct `equivalent` mappings crossing all versions from R5 to R4.","StructureDefinition/ext-R5-Provenance.en.role","hl7.fhir.r4.core"
http://hl7.org/fhir/uv/xver/5.0/ValueSet/R5-publication-status-for-R4,0.0.1-ballot,draft,,R5-publication-status-for-R4,Cross-version VS for R5.PublicationStatus for use in FHIR R4,"This cross-version ValueSet represents concepts from http://hl7.org/fhir/ValueSet/publication-status|5.0.0 for use in FHIR R4. Concepts not present here have direct `equivalent` mappings crossing all versions from R5 to R4.","StructureDefinition/ext-R5-EvidenceReport,StructureDefinition/ext-R5-ObservationDefinition.status,StructureDefinition/ext-R5-ResearchSubject.status,StructureDefinition/ext-R5-RegulatedAuthorization,StructureDefinition/ext-R5-SpecimenDefinition.status,StructureDefinition/ext-R5-Ingredient,StructureDefinition/ext-R5-SubscriptionTopic,StructureDefinition/ext-R5-SubstanceDefinition,StructureDefinition/ext-R5-ConditionDefinition,StructureDefinition/ext-R5-Requirements,StructureDefinition/ext-R5-ManufacturedItemDefinition,StructureDefinition/ext-R5-ClinicalUseDefinition,StructureDefinition/ext-R5-PackagedProductDefinition,StructureDefinition/ext-R5-AdministrableProductDefinition,StructureDefinition/ext-R5-ActorDefinition,StructureDefinition/ext-R5-Citation,StructureDefinition/ext-R5-RelatedArtifact.publicationStatus,StructureDefinition/ext-R5-TestPlan,StructureDefinition/ext-R5-MedicinalProductDefinition,StructureDefinition/ext-R5-ResearchStudy.status","hl7.fhir.r4.core"
http://hl7.org/fhir/uv/xver/5.0/ValueSet/R5-quantity-comparator-for-R4,0.0.1-ballot,draft,,R5-quantity-comparator-for-R4,Cross-version VS for R5.QuantityComparator for use in FHIR R4,"This cross-version ValueSet represents concepts from http://hl7.org/fhir/ValueSet/quantity-comparator|5.0.0 for use in FHIR R4. Concepts not present here have direct `equivalent` mappings crossing all versions from R5 to R4.","StructureDefinition/ext-R5-Distance.comparator,StructureDefinition/ext-R5-Duration.comparator,StructureDefinition/ext-R5-Age.comparator,StructureDefinition/ext-R5-Count.comparator,StructureDefinition/ext-R5-Quantity.comparator","hl7.fhir.r4.core"
http://hl7.org/fhir/uv/xver/5.0/ValueSet/R5-questionnaire-answer-constraint-for-R4,0.0.1-ballot,draft,,R5-questionnaire-answer-constraint-for-R4,Cross-version VS for R5.QuestionnaireAnswerConstraint for use in FHIR R4,"This cross-version ValueSet represents concepts from http://hl7.org/fhir/ValueSet/questionnaire-answer-constraint|5.0.0 for use in FHIR R4. Concepts not present here have direct `equivalent` mappings crossing all versions from R5 to R4.",,"FHIR"
http://hl7.org/fhir/uv/xver/5.0/ValueSet/R5-questionnaire-disabled-display-for-R4,0.0.1-ballot,draft,,R5-questionnaire-disabled-display-for-R4,Cross-version VS for R5.QuestionnaireItemDisabledDisplay for use in FHIR R4,"This cross-version ValueSet represents concepts from http://hl7.org/fhir/ValueSet/questionnaire-disabled-display|5.0.0 for use in FHIR R4. Concepts not present here have direct `equivalent` mappings crossing all versions from R5 to R4.","StructureDefinition/ext-R5-Questionnaire.it.disabledDisplay","FHIR"
http://hl7.org/fhir/uv/xver/5.0/ValueSet/R5-related-artifact-type-all-for-R4,0.0.1-ballot,draft,,R5-related-artifact-type-all-for-R4,Cross-version VS for R5.RelatedArtifactTypeExpanded for use in FHIR R4,"This cross-version ValueSet represents concepts from http://hl7.org/fhir/ValueSet/related-artifact-type-all|5.0.0 for use in FHIR R4. Concepts not present here have direct `equivalent` mappings crossing all versions from R5 to R4.","StructureDefinition/ext-R5-Citation","FHIR,hl7.fhir.r4.core"
http://hl7.org/fhir/uv/xver/5.0/ValueSet/R5-related-artifact-type-for-R4,0.0.1-ballot,draft,,R5-related-artifact-type-for-R4,Cross-version VS for R5.RelatedArtifactType for use in FHIR R4,"This cross-version ValueSet represents concepts from http://hl7.org/fhir/ValueSet/related-artifact-type|5.0.0 for use in FHIR R4. Concepts not present here have direct `equivalent` mappings crossing all versions from R5 to R4.","StructureDefinition/ext-R5-RelatedArtifact.type","hl7.fhir.r4.core"
http://hl7.org/fhir/uv/xver/5.0/ValueSet/R5-report-relation-type-for-R4,0.0.1-ballot,draft,,R5-report-relation-type-for-R4,Cross-version VS for R5.ReportRelationshipType for use in FHIR R4,"This cross-version ValueSet represents concepts from http://hl7.org/fhir/ValueSet/report-relation-type|5.0.0 for use in FHIR R4. Concepts not present here have direct `equivalent` mappings crossing all versions from R5 to R4.","StructureDefinition/ext-R5-EvidenceReport","FHIR"
http://hl7.org/fhir/uv/xver/5.0/ValueSet/R5-request-resource-types-for-R4,0.0.1-ballot,draft,,R5-request-resource-types-for-R4,Cross-version VS for R5.RequestResourceTypes for use in FHIR R4,"This cross-version ValueSet represents concepts from http://hl7.org/fhir/ValueSet/request-resource-types|5.0.0 for use in FHIR R4. Concepts not present here have direct `equivalent` mappings crossing all versions from R5 to R4.","StructureDefinition/ext-R5-ActivityDefinition.kind","FHIR"
http://hl7.org/fhir/uv/xver/5.0/ValueSet/R5-research-subject-state-for-R4,0.0.1-ballot,draft,,R5-research-subject-state-for-R4,Cross-version VS for R5.ResearchSubjectState for use in FHIR R4,"This cross-version ValueSet represents concepts from http://hl7.org/fhir/ValueSet/research-subject-state|5.0.0 for use in FHIR R4. Concepts not present here have direct `equivalent` mappings crossing all versions from R5 to R4.","StructureDefinition/ext-R5-ResearchSubject.progress","THO"
http://hl7.org/fhir/uv/xver/5.0/ValueSet/R5-resource-types-for-R4,0.0.1-ballot,draft,,R5-resource-types-for-R4,Cross-version VS for R5.ResourceType for use in FHIR R4,"This cross-version ValueSet represents concepts from http://hl7.org/fhir/ValueSet/resource-types|5.0.0 for use in FHIR R4. Concepts not present here have direct `equivalent` mappings crossing all versions from R5 to R4.","StructureDefinition/ext-R5-MessageDefinition.fo.code,StructureDefinition/ext-R5-Questionnaire.subjectType,StructureDefinition/ext-R5-ImplementationGuide.gl.type,StructureDefinition/ext-R5-CapabilityStatement.re.re.type,StructureDefinition/ext-R5-CD.re.code,StructureDefinition/ext-R5-Consent.provision","FHIR"
http://hl7.org/fhir/uv/xver/5.0/ValueSet/R5-search-modifier-code-for-R4,0.0.1-ballot,draft,,R5-search-modifier-code-for-R4,Cross-version VS for R5.SearchModifierCode for use in FHIR R4,"This cross-version ValueSet represents concepts from http://hl7.org/fhir/ValueSet/search-modifier-code|5.0.0 for use in FHIR R4. Concepts not present here have direct `equivalent` mappings crossing all versions from R5 to R4.","StructureDefinition/ext-R5-SearchParameter.modifier,StructureDefinition/ext-R5-SubscriptionTopic,StructureDefinition/ext-R5-Subscription.filterBy","hl7.fhir.r4.core"
http://hl7.org/fhir/uv/xver/5.0/ValueSet/R5-search-processingmode-for-R4,0.0.1-ballot,draft,,R5-search-processingmode-for-R4,Cross-version VS for R5.SearchProcessingModeType for use in FHIR R4,"This cross-version ValueSet represents concepts from http://hl7.org/fhir/ValueSet/search-processingmode|5.0.0 for use in FHIR R4. Concepts not present here have direct `equivalent` mappings crossing all versions from R5 to R4.",,"FHIR"
http://hl7.org/fhir/uv/xver/5.0/ValueSet/R5-specimen-combined-for-R4,0.0.1-ballot,draft,,R5-specimen-combined-for-R4,Cross-version VS for R5.SpecimenCombined for use in FHIR R4,"This cross-version ValueSet represents concepts from http://hl7.org/fhir/ValueSet/specimen-combined|5.0.0 for use in FHIR R4. Concepts not present here have direct `equivalent` mappings crossing all versions from R5 to R4.","StructureDefinition/ext-R5-Specimen.combined","FHIR"
http://hl7.org/fhir/uv/xver/5.0/ValueSet/R5-submit-data-update-type-for-R4,0.0.1-ballot,draft,,R5-submit-data-update-type-for-R4,Cross-version VS for R5.SubmitDataUpdateType for use in FHIR R4,"This cross-version ValueSet represents concepts from http://hl7.org/fhir/ValueSet/submit-data-update-type|5.0.0 for use in FHIR R4. Concepts not present here have direct `equivalent` mappings crossing all versions from R5 to R4.","StructureDefinition/ext-R5-MeasureReport.dataUpdateType","FHIR"
http://hl7.org/fhir/uv/xver/5.0/ValueSet/R5-subscription-notification-type-for-R4,0.0.1-ballot,draft,,R5-subscription-notification-type-for-R4,Cross-version VS for R5.SubscriptionNotificationType for use in FHIR R4,"This cross-version ValueSet represents concepts from http://hl7.org/fhir/ValueSet/subscription-notification-type|5.0.0 for use in FHIR R4. Concepts not present here have direct `equivalent` mappings crossing all versions from R5 to R4.","StructureDefinition/ext-R5-SubscriptionStatus","FHIR"
http://hl7.org/fhir/uv/xver/5.0/ValueSet/R5-subscription-payload-content-for-R4,0.0.1-ballot,draft,,R5-subscription-payload-content-for-R4,Cross-version VS for R5.SubscriptionPayloadContent for use in FHIR R4,"This cross-version ValueSet represents concepts from http://hl7.org/fhir/ValueSet/subscription-payload-content|5.0.0 for use in FHIR R4. Concepts not present here have direct `equivalent` mappings crossing all versions from R5 to R4.","StructureDefinition/ext-R5-Subscription.content","FHIR"
http://hl7.org/fhir/uv/xver/5.0/ValueSet/R5-subscription-status-for-R4,0.0.1-ballot,draft,,R5-subscription-status-for-R4,Cross-version VS for R5.SubscriptionStatusCodes for use in FHIR R4,"This cross-version ValueSet represents concepts from http://hl7.org/fhir/ValueSet/subscription-status|5.0.0 for use in FHIR R4. Concepts not present here have direct `equivalent` mappings crossing all versions from R5 to R4.","StructureDefinition/ext-R5-SubscriptionStatus,StructureDefinition/ext-R5-Subscription.status","hl7.fhir.r4.core"
http://hl7.org/fhir/uv/xver/5.0/ValueSet/R5-subscriptiontopic-cr-behavior-for-R4,0.0.1-ballot,draft,,R5-subscriptiontopic-cr-behavior-for-R4,Cross-version VS for R5.CriteriaNotExistsBehavior for use in FHIR R4,"This cross-version ValueSet represents concepts from http://hl7.org/fhir/ValueSet/subscriptiontopic-cr-behavior|5.0.0 for use in FHIR R4. Concepts not present here have direct `equivalent` mappings crossing all versions from R5 to R4.","StructureDefinition/ext-R5-SubscriptionTopic","FHIR"
http://hl7.org/fhir/uv/xver/5.0/ValueSet/R5-supplydelivery-supplyitemtype-for-R4,0.0.1-ballot,draft,,R5-supplydelivery-supplyitemtype-for-R4,Cross-version VS for R5.SupplyDeliverySupplyItemType for use in FHIR R4,"This cross-version ValueSet represents concepts from http://hl7.org/fhir/ValueSet/supplydelivery-supplyitemtype|5.0.0 for use in FHIR R4. Concepts not present here have direct `equivalent` mappings crossing all versions from R5 to R4.","StructureDefinition/ext-R5-SupplyDelivery.suppliedItem,StructureDefinition/ext-R5-SupplyDelivery.type","FHIR"
http://hl7.org/fhir/uv/xver/5.0/ValueSet/R5-timezones-for-R4,0.0.1-ballot,draft,,R5-timezones-for-R4,Cross-version VS for R5.IANATimezones for use in FHIR R4,"This cross-version ValueSet represents concepts from http://hl7.org/fhir/ValueSet/timezones|5.0.0 for use in FHIR R4. Concepts not present here have direct `equivalent` mappings crossing all versions from R5 to R4.","StructureDefinition/ext-R5-Appointment.recurrenceTemplate","hl7.terminology.r5"
http://hl7.org/fhir/uv/xver/5.0/ValueSet/R5-transport-intent-for-R4,0.0.1-ballot,draft,,R5-transport-intent-for-R4,Cross-version VS for R5.TransportIntent for use in FHIR R4,"This cross-version ValueSet represents concepts from http://hl7.org/fhir/ValueSet/transport-intent|5.0.0 for use in FHIR R4. Concepts not present here have direct `equivalent` mappings crossing all versions from R5 to R4.","StructureDefinition/ext-R5-Transport","FHIR,hl7.fhir.r4.core"
http://hl7.org/fhir/uv/xver/5.0/ValueSet/R5-transport-status-for-R4,0.0.1-ballot,draft,,R5-transport-status-for-R4,Cross-version VS for R5.TransportStatus for use in FHIR R4,"This cross-version ValueSet represents concepts from http://hl7.org/fhir/ValueSet/transport-status|5.0.0 for use in FHIR R4. Concepts not present here have direct `equivalent` mappings crossing all versions from R5 to R4.","StructureDefinition/ext-R5-Transport","FHIR"
http://hl7.org/fhir/uv/xver/5.0/ValueSet/R5-udi-entry-type-for-R4,0.0.1-ballot,draft,,R5-udi-entry-type-for-R4,Cross-version VS for R5.UDIEntryType for use in FHIR R4,"This cross-version ValueSet represents concepts from http://hl7.org/fhir/ValueSet/udi-entry-type|5.0.0 for use in FHIR R4. Concepts not present here have direct `equivalent` mappings crossing all versions from R5 to R4.","StructureDefinition/ext-R5-Device.ud.entryType","hl7.fhir.r4.core"
http://hl7.org/fhir/uv/xver/5.0/ValueSet/R5-value-filter-comparator-for-R4,0.0.1-ballot,draft,,R5-value-filter-comparator-for-R4,Cross-version VS for R5.ValueFilterComparator for use in FHIR R4,"This cross-version ValueSet represents concepts from http://hl7.org/fhir/ValueSet/value-filter-comparator|5.0.0 for use in FHIR R4. Concepts not present here have direct `equivalent` mappings crossing all versions from R5 to R4.","StructureDefinition/ext-R5-DataRequirement.valueFilter","hl7.fhir.r4.core"
http://hl7.org/fhir/uv/xver/5.0/ValueSet/R5-variable-handling-for-R4,0.0.1-ballot,draft,,R5-variable-handling-for-R4,Cross-version VS for R5.EvidenceVariableHandling for use in FHIR R4,"This cross-version ValueSet represents concepts from http://hl7.org/fhir/ValueSet/variable-handling|5.0.0 for use in FHIR R4. Concepts not present here have direct `equivalent` mappings crossing all versions from R5 to R4.","StructureDefinition/ext-R5-Evidence.statistic,StructureDefinition/ext-R5-EvidenceVariable.handling","FHIR"
http://hl7.org/fhir/uv/xver/5.0/ValueSet/R5-verificationresult-status-for-R4,0.0.1-ballot,draft,,R5-verificationresult-status-for-R4,Cross-version VS for R5.VerificationResultStatus for use in FHIR R4,"This cross-version ValueSet represents concepts from http://hl7.org/fhir/ValueSet/verificationresult-status|5.0.0 for use in FHIR R4. Concepts not present here have direct `equivalent` mappings crossing all versions from R5 to R4.","StructureDefinition/ext-R5-VerificationResult.status","FHIR"
http://hl7.org/fhir/uv/xver/5.0/ValueSet/R5-version-independent-all-resource-types-for-R4,0.0.1-ballot,draft,,R5-version-independent-all-resource-types-for-R4,Cross-version VS for R5.VersionIndependentResourceTypesAll for use in FHIR R4,"This cross-version ValueSet represents concepts from http://hl7.org/fhir/ValueSet/version-independent-all-resource-types|5.0.0 for use in FHIR R4. Concepts not present here have direct `equivalent` mappings crossing all versions from R5 to R4.","StructureDefinition/ext-R5-SearchParameter.base,StructureDefinition/ext-R5-GraphDefinition.node","FHIR"
http://hl7.org/fhir/uv/xver/5.0/ValueSet/R5-week-of-month-for-R4,0.0.1-ballot,draft,,R5-week-of-month-for-R4,Cross-version VS for R5.WeekOfMonth for use in FHIR R4,"This cross-version ValueSet represents concepts from http://hl7.org/fhir/ValueSet/week-of-month|5.0.0 for use in FHIR R4. Concepts not present here have direct `equivalent` mappings crossing all versions from R5 to R4.","StructureDefinition/ext-R5-Appointment.recurrenceTemplate","FHIR"
http://loinc.org/vs/LL1040-6,2.80,active,,LOINCAnswerListLL1040_6,,"LOINC Answer list for code LL1040-6: HumanRefSeqNCBIBuildId","StructureDefinition/ext-R5-GenomicStudy","LOINC"
http://terminology.hl7.org/ValueSet/action-participant-role,1.0.0,draft,,ActionParticipantRole,Action Participant Role,"Either a practitioner role or a relationship type.  Note from UTG import - may have been a temporary entry that subsequently disappeared from the FHIR source; unable to locate.   Version set to 0.1.0","StructureDefinition/ext-R5-PlanDefinition.actor,StructureDefinition/ext-R5-RequestOrchestration.ac.participant",
http://terminology.hl7.org/ValueSet/contactentity-type,1.0.0,draft,"2.16.840.1.113883.4.642.3.416",ContactEntityType,Contact entity type,"This example value set defines a set of codes that can be used to indicate the purpose for which you would contact a contact party.","StructureDefinition/ext-R5-Task.ou.value,StructureDefinition/ext-R5-Parameters.pa.value,StructureDefinition/ext-R5-ElementDefinition.fixed,StructureDefinition/ext-R5-InsurancePlan.contact,StructureDefinition/ext-R5-ElementDefinition.defaultValue,StructureDefinition/ext-R5-Organization.contact,StructureDefinition/ext-R5-StructureDefinition.di.element,StructureDefinition/ext-R5-PractitionerRole.contact,StructureDefinition/ext-R5-Location.contact,StructureDefinition/ext-R5-ElementDefinition.ex.value,StructureDefinition/ext-R5-HealthcareService.contact,StructureDefinition/ext-R5-VirtualServiceDetail,StructureDefinition/ext-R5-Transport,StructureDefinition/ext-R5-Location.virtualService,StructureDefinition/ext-R5-Appointment.virtualService,StructureDefinition/ext-R5-Task.in.value,StructureDefinition/ext-R5-ExtendedContactDetail,StructureDefinition/ext-R5-Encounter.virtualService,StructureDefinition/ext-R5-Extension.value,StructureDefinition/ext-R5-ElementDefinition.pattern,StructureDefinition/ext-R5-OrganizationAffiliation.contact,StructureDefinition/ext-R5-StructureDefinition.sn.element","THO"
http://terminology.hl7.org/ValueSet/directness,1.0.0,draft,"2.16.840.1.113883.4.642.3.1458",EvidenceDirectness,EvidenceDirectness,"The quality of how direct the match is.","StructureDefinition/ext-R5-Evidence.variableDefinition","THO"
http://terminology.hl7.org/ValueSet/encounter-class,2.0.1,active,,EncounterClass,Encounter class,"This value set defines a set of codes that can be used to indicate the class of encounter: a specific code indicating class of service provided.","StructureDefinition/ext-R5-Encounter.class","THO (V3)"
http://terminology.hl7.org/ValueSet/measure-scoring,2.0.0,active,"2.16.840.1.113883.4.642.3.767",MeasureScoring,Measure Scoring,"The scoring type of the measure.","StructureDefinition/ext-R5-Measure.gr.scoring,StructureDefinition/ext-R5-MeasureReport.scoring","THO"
http://terminology.hl7.org/ValueSet/medicationrequest-category,1.0.0,draft,"2.16.840.1.113883.4.642.3.1322",MedicationRequestCategoryCodes,Medication request  category  codes,"MedicationRequest Category Codes","StructureDefinition/ext-R5-ConditionDefinition","THO"
http://terminology.hl7.org/ValueSet/state-change-reason,1.0.0,draft,"2.16.840.1.113883.4.642.3.0",StateChangeReason,StateChangeReason,"Indicates why the state of the subject changed.","StructureDefinition/ext-R5-ResearchSubject.progress","THO"
http://terminology.hl7.org/ValueSet/synthesis-type,1.0.0,draft,"2.16.840.1.113883.4.642.3.1347",StatisticSynthesisType,StatisticSynthesisType,"Types of combining results from a body of evidence (eg. summary data meta-analysis).","StructureDefinition/ext-R5-Evidence.synthesisType","THO"
http://terminology.hl7.org/ValueSet/v2-0003,2.0.0,active,"2.16.840.1.113883.21.4",Hl7VSEventTypeCode,hl7VS-eventTypeCode,"Concepts specifying the trigger event for Version 2.x interface messages.","StructureDefinition/ext-R5-SubscriptionTopic","THO (V2)"
http://terminology.hl7.org/ValueSet/v2-0276,2.0.0,active,"2.16.840.1.113883.21.181",Hl7VSAppointmentReasonCodes,hl7VS-appointmentReasonCodes,"Value Set of codes that describe the kind of appointment or the reason why an appointment has been scheduled.","StructureDefinition/ext-R5-Slot.appointmentType","THO (V2)"
http://terminology.hl7.org/ValueSet/v2-0371,2.0.0,active,"2.16.840.1.113883.21.245",Hl7VSAdditivePreservative,hl7VS-additivePreservative,"Concepts specifying any additive introduced to the specimen before or at the time of collection.  These additives may be introduced in order to preserve, maintain or enhance the particular nature or component of the specimen.  Used in Version 2 messaging in the SPM segment.","StructureDefinition/ext-R5-SpecimenDefinition.ty.co.ad.additive","THO (V2)"
http://terminology.hl7.org/ValueSet/v2-0570,2.0.0,active,"2.16.840.1.113883.21.387",Hl7VSPaymentMethodCode,hl7VS-paymentMethodCode,"Value Set of codes used to specify the method for the movement of payment.","StructureDefinition/ext-R5-PaymentReconciliation.method","THO (V2)"
http://terminology.hl7.org/ValueSet/v2-0936,2.0.0,active,"2.16.840.1.113883.21.460",Hl7VSVSObservationType,hl7VS-VS-observationType,"Value Set of codes that specify types of observations to enable systems to distinguish between observations sent along with an order, versus observations sent as the result to an order.","StructureDefinition/ext-R5-DiagnosticReport.supportingInfo","THO (V2)"
http://terminology.hl7.org/ValueSet/v3-ActEncounterCode,3.0.0,active,"2.16.840.1.113883.1.11.13955",ActEncounterCode,ActEncounterCode,"Domain provides codes that qualify the ActEncounterClass (ENC)","StructureDefinition/ext-R5-EncounterHistory","THO (V3)"
http://terminology.hl7.org/ValueSet/v3-ActPriority,3.0.0,active,"2.16.840.1.113883.1.11.16866",ActPriority,ActPriority,"A code or set of codes (e.g., for routine, emergency,) specifying the urgency under which the Act happened, can happen, is happening, is intended to happen, or is requested/demanded to happen.    *Discussion:* This attribute is used in orders to indicate the ordered priority, and in event documentation it indicates the actual priority used to perform the act. In definition mood it indicates the available priorities.","StructureDefinition/ext-R5-Appointment.priority","THO (V3)"
http://terminology.hl7.org/ValueSet/v3-HL7FormatCodes,2.1.0,active,"2.16.840.1.113883.11.19752",HL7FormatCodes,HL7 ValueSet of Format Codes for use with Document Sharing,"The HL7-FormatCodes value set is defined to be the set of FormatCode(s) defined by implementation guides published by HL7 and other SDOs. The use of a formatCode from the FormatCodes value set specifies the technical format that a document conforms to. The formatCode is a further specialization more detailed than the mime-type. The formatCode provides sufficient information to allow any potential document content consumer to know if it can process and/or display the content of the document based on the document encoding, structure and template conformance indicated by the formatCode. The set of formatCodes is intended to be extensible. The Content Logical Description is defined intentionally to permit formatCodes defined by other Standards Development Organizations to be added by inclusion of additional formatCode Code Systems.","StructureDefinition/ext-R5-DocumentReference.co.profile","THO (V3),Other"
http://terminology.hl7.org/ValueSet/v3-PurposeOfUse,3.1.0,active,"2.16.840.1.113883.1.11.20448",PurposeOfUse,PurposeOfUse,"Supports communication of purpose of use at a general level.","StructureDefinition/ext-R5-Permission,StructureDefinition/ext-R5-Consent.provision","THO (V3)"
http://terminology.hl7.org/ValueSet/v3-RoleClassIngredientEntity,3.0.0,active,"2.16.840.1.113883.1.11.10430",RoleClassIngredientEntity,RoleClassIngredientEntity,"Relates a component (player) to a mixture (scoper). E.g., Glucose and Water are ingredients of D5W, latex may be an ingredient in a tracheal tube.","StructureDefinition/ext-R5-MedicationKnowledge.definitional","THO (V3)"
